{
  "chainCode": "cyb",
  "hotelList": [
    {
      "hotelCode": 1002,
      "hotelName": " - The Indian Pride",
      "description": "Property_1002_english",
      "currentCurrency": {
        "isDefaultCurrency": true,
        "currencySymbol": "EUR",
        "exchangeRate": 1.0,
        "chainCurrecnyExchangeRate": 1.0
      },
      "address": {
        "countryCode": "US",
        "countryName": "USA",
        "stateName": "MI",
        "city": "Detroit",
        "postalCode": "48202",
        "address1": "123 Test Street",
        "telephone": [

        ]
      },
      "starRating": "2",
      "sortOrder": 0,
      "media": {
        "propertyMainImages": [
          {
            "type": "property-main-image",
            "source": "/images/hotel_320x320.jpg",
            "sortOrder": 0
          }
        ],
        "propertyDetailImages": [
          {
            "type": "property-detail-image",
            "source": "/images/hotel_320x320.jpg",
            "sortOrder": 0
          },
          {
            "type": "property-detail-image",
            "source": "/images/hotel_320x320.jpg",
            "sortOrder": 1
          }
        ],
        "propertyMainImgTag": "Image"
      },

      "amenity": [
        {
          "id": 92,
          "sort": 0,
          "premium": true,
          "name": "Florist"
        },
        {
          "id": 62,
          "sort": 1,
          "premium": false,
          "name": "24-Hour Front Desk"
        },
        {
          "id": 18,
          "sort": 2,
          "premium": false,
          "name": "Bar"
        },
        {
          "id": 32,
          "sort": 3,
          "premium": false,
          "name": "Boutiques"
        },
        {
          "id": 50,
          "sort": 4,
          "premium": false,
          "name": "Coffee Shop"
        },
        {
          "id": 67,
          "sort": 5,
          "premium": false,
          "name": "Doctor on Call"
        },
        {
          "id": 165,
          "sort": 6,
          "premium": false,
          "name": "Pool"
        },
        {
          "id": 205,
          "sort": 7,
          "premium": false,
          "name": "Shopping"
        },
        {
          "id": 219,
          "sort": 8,
          "premium": false,
          "name": "Spa"
        },
        {
          "id": 222,
          "sort": 9,
          "premium": false,
          "name": "Steam Bath"
        },
        {
          "id": 228,
          "sort": 10,
          "premium": false,
          "name": "Tennis"
        },
        {
          "id": 230,
          "sort": 11,
          "premium": false,
          "name": "Tennis Pro"
        },
        {
          "id": 233,
          "sort": 12,
          "premium": false,
          "name": "Theme Rooms - Studio"
        },
        {
          "id": 179,
          "sort": 13,
          "premium": false,
          "name": "Valet Parking"
        },
        {
          "id": 252,
          "sort": 14,
          "premium": false,
          "name": "Wakeup Service"
        },
        {
          "id": 254,
          "sort": 15,
          "premium": false,
          "name": "Wheel Chair Access"
        },
        {
          "id": 256,
          "sort": 16,
          "premium": false,
          "name": "White Board"
        },
        {
          "id": 660,
          "sort": 17,
          "premium": false,
          "name": "Wi-Fi"
        }
      ],
      "position": {
        "latitude": "29.734712",
        "longitude": "-95.424986900"
      }
    },
    {
      "hotelCode": 1011,
      "hotelName": " - PMSConnect Test 2",
      "description": "An advance deposit of one nights lodging is required, with balance payable upon arrival. Your first night deposit is non-refundable. No personal checks accepted for payment of account. A 20.00 USD change fee applies to each date change.\r\n\r\nA 50.00 USD fee will be charged for early departures. Guest must checkout prior to 11.00 am to avoid an additional days charge.\r\nCheck-In time after 4 PM. Check-Out time prior to 11 AM. 24 hour front desk.\r\nRoom rates are based on two adults per bedroom, 20 USD per day for additional guests 18 and over. Children 17 and under stay free in parent's room.\r\nOne member of each guest party must be 21 years old to register at this hotel. That member will be responsible for all incidental charges.\r\nA 5.00 USD plus tax daily access fee will be collected by the hotel at check-in. This charge includes unlimited local and toll-free calls, use of the in-room safe, internet access, and internet support.\r\nA valid major credit card and photo ID is required at check-in.\r\nAll guest rooms and common areas of the resort are NON-SMOKING. Should the guest decide to stay and smoke in the resort anyway, we will, upon departure, process a cleaning charge in the amount of 150.00 USD.\r\n\r\nPatricia Grand welcomes small dogs in select room types. 15 USD plus tax per night/per pet charge will be collected at check-in. 20 lbs weight limit per pet. Only 1 dog allowed per room. Carriers are recommended in the event you must leave your pet alone in the guest room. Pets must be on leash when in public areas. Pets are not permitted in pool or restaurant areas. Non-aggressive breeds only. NO Rottweiler s, Pit-Bulls, Dobermans, Boxers, German Shepherds or Chows. Please provide the breed during booking process. Advance notice required for guests traveling with pets. Please call 800-255-4763. \r\n\r\nAdditional policies may apply. Please contact the hotel manager for any special circumstances.\r\n\r\n\r\nA 30.00 USD Vacation Protection Plan is available by calling the hotel at 800-255-4763. This protection would refund your deposit in full in case of cancellation. Should you have to change your plans or depart before your planned departure date your package will be re-calculated based on the new actual length of stay and any difference will be refunded. This option MUST be added within 24 hours of booking your reservation and is non-refundable. An additional charge of USD32.40 USD will be applied to the credit card used for the deposit.\r\n\r\n\r\n\r\nReserved for PMSConnect Testing - DO NOT TOUCH - speak to Steve Sadowski if there are any questions.\r\n\r\n\r\n\r\nA 30.00 USD Vacation Protection Plan is available by calling the hotel at 800-255-4763. This protection would refund your deposit in full in case of cancellation. Should you have to change your plans or depart before your planned departure date your package will be re-calculated based on the new actual length of stay and any difference will be refunded. This option MUST be added within 24 hours of booking your reservation and is non-refundable. An additional charge of USD32.40 USD will be applied to the credit card used for the deposit.\r\n\r\n\r\nA 30.00 USD Vacation Protection Plan is available by calling the hotel at 800-255-4763. This protection would refund your deposit in full in case of cancellation. Should you have to change your plans or depart before your planned departure date your package will be re-calculated based on the new actual length of stay and any difference will be refunded. This option MUST be added within 24 hours of booking your reservation and is non-refundable. An additional charge of USD32.40 USD will be applied to the credit card used for the deposit.",
      "currentCurrency": {
        "isDefaultCurrency": true,
        "currencySymbol": "USD",
        "exchangeRate": 1.0,
        "chainCurrecnyExchangeRate": 1.0
      },
      "address": {
        "countryCode": "US",
        "countryName": "US",
        "stateName": "CO",
        "city": "Englewood",
        "postalCode": "80111",
        "address1": "5566 South Kenton Way",
        "telephone": [

        ]
      },
      "starRating": "1",
      "sortOrder": 0,
      "media": {
       "propertyMainImages": [
         {
           "type": "property-main-image",
           "source": "/images/hotel_320x320.jpg",
           "sortOrder": 0
         }
       ],
       "propertyDetailImages": [
         {
           "type": "property-detail-image",
           "source": "/images/hotel_320x320.jpg",
           "sortOrder": 0
         },
         {
           "type": "property-detail-image",
           "source": "/images/hotel_320x320.jpg",
           "sortOrder": 1
         }
       ],
       "propertyMainImgTag": "Image"
     },

      "amenity": [

      ],
      "position": {
        "latitude": "39.61551",
        "longitude": "-104.85815200"
      }
    },
    {
      "hotelCode": 4561,
      "hotelName": " GDS Test Hotel",
      "description": "This is the language test.  English\r\n",
      "currentCurrency": {
        "isDefaultCurrency": true,
        "currencySymbol": "USD",
        "exchangeRate": 1.0,
        "chainCurrecnyExchangeRate": 1.0
      },
      "address": {
        "countryCode": "US",
        "countryName": "USA",
        "stateName": "Modified State",
        "city": "modified city name",
        "postalCode": "77478",
        "address1": "9 Greenway Plaza",
        "telephone": [

        ]
      },
      "starRating": "2",
      "sortOrder": 0,
       "media": {
        "propertyMainImages": [
          {
            "type": "property-main-image",
            "source": "/images/hotel_320x320.jpg",
            "sortOrder": 0
          }
        ],
        "propertyDetailImages": [
          {
            "type": "property-detail-image",
            "source": "/images/hotel_320x320.jpg",
            "sortOrder": 0
          },
          {
            "type": "property-detail-image",
            "source": "/images/hotel_320x320.jpg",
            "sortOrder": 1
          }
        ],
        "propertyMainImgTag": "Image"
      },

      "amenity": [

      ],
      "position": {
        "latitude": "29.7327926",
        "longitude": "-95.4359316"
      }
    },
    {
      "hotelCode": 6938,
      "hotelName": "Beau Manor (AV TEST)_ENGLISH",
      "description": "Beau Manor (AV TEST)_ENGLISH_DESCRIPTION1",
      "currentCurrency": {
        "isDefaultCurrency": true,
        "currencySymbol": "EUR",
        "exchangeRate": 1.0,
        "chainCurrecnyExchangeRate": 1.0
      },
      "address": {
        "countryCode": "US",
        "countryName": "United states",
        "stateName": "NJ",
        "city": "East Rutherford",
        "postalCode": "07073",
        "address1": "54 cliffwood terrace",
        "telephone": [

        ]
      },
      "starRating": "4",
      "sortOrder": 0,
      "media": {
        "propertyMainImages": [
          {
            "type": "property-main-image",
            "source": "/images/hotel_320x320.jpg",
            "sortOrder": 0
          }
        ],
        "propertyDetailImages": [
          {
            "type": "property-detail-image",
            "source": "/images/hotel_320x320.jpg",
            "sortOrder": 0
          },
          {
            "type": "property-detail-image",
            "source": "/images/hotel_320x320.jpg",
            "sortOrder": 1
          }
        ],
        "propertyMainImgTag": "Image"
      },
      "amenity": [
        {
          "id": 62,
          "sort": 0,
          "premium": false,
          "name": "24-Hour Front Desk"
        },
        {
          "id": 11,
          "sort": 1,
          "premium": false,
          "name": "Airline Desk"
        },
        {
          "id": 18,
          "sort": 2,
          "premium": false,
          "name": "Bar"
        },
        {
          "id": 67500,
          "sort": 3,
          "premium": false,
          "name": "Bed and Breakfast"
        },
        {
          "id": 32,
          "sort": 4,
          "premium": false,
          "name": "Boutiques"
        },
        {
          "id": 175879,
          "sort": 5,
          "premium": false,
          "name": "Dipika &amp;"
        },
        {
          "id": 97,
          "sort": 6,
          "premium": false,
          "name": "On the Garden"
        },
        {
          "id": 175877,
          "sort": 7,
          "premium": false,
          "name": "Test &amp; amenity &"
        }
      ],
      "position": {
        "latitude": "40.845135",
        "longitude": "-74.110933999"
      }
    },
    {
      "hotelCode": 73846,
      "hotelName": " - Stephanie Chan's RG Test Hotel",
      "currentCurrency": {
        "isDefaultCurrency": true,
        "currencySymbol": "USD",
        "exchangeRate": 1.0,
        "chainCurrecnyExchangeRate": 1.0
      },
      "address": {
        "countryCode": "US",
        "countryName": "USA",
        "stateName": "TX",
        "city": "Houston",
        "postalCode": "77046",
        "address1": "8 Greenway Plaza",
        "telephone": [

        ]
      },
      "starRating": "3",
      "sortOrder": 0,
      "media": {
        "propertyMainImages": null,
        "propertyDetailImages": null,
        "propertyMainImgTag": null
      },
      "amenity": [

      ],
      "position": {
        "latitude": "29.7331323",
        "longitude": "-95.434932600"
      }
    }
  ],
  "languageCode": "EN_US",
  "searchCriteria": {
    "ratePlans": [
      {
        "name": "Linked Product Weekday",
        "externalCode": "LPD"
      },
      {
        "name": "Linked Product Weekdend",
        "externalCode": "LPE"
      },
      {
        "name": "Language Test",
        "externalCode": "LTEST"
      },
      {
        "name": "Sub Rate Plan",
        "externalCode": "SUB"
      },
      {
        "name": "AAA Rate",
        "externalCode": "AAA"
      },
      {
        "name": "DOT Demo Advance Purchase",
        "externalCode": "DOTDEM"
      },
      {
        "name": "OWW BAR",
        "externalCode": "OWWRAK"
      },
      {
        "name": "OWW Advance Purchase",
        "externalCode": "OWWAP1"
      },
      {
        "name": "Stephs Test Rate",
        "externalCode": "SRATE"
      },
      {
        "name": "Steph Ind Property Rate",
        "externalCode": "SIND"
      },
      {
        "name": "ERP Test Package ",
        "externalCode": "ERPT"
      },
      {
        "name": "DOT Special Promo Demo",
        "externalCode": "DOTSPE"
      },
      {
        "name": "Enterprise Test Rate Plan NOV",
        "externalCode": "TNPL55"
      },
      {
        "name": "Bat Rate",
        "externalCode": "BAT"
      },
      {
        "name": "Property Rate",
        "externalCode": "SOU02"
      },
      {
        "name": "RACK SME DEMO",
        "externalCode": "RCKSME"
      },
      {
        "name": "PayPal Mobile Test",
        "externalCode": "PPAL"
      },
      {
        "name": "Days of the Week Discount",
        "externalCode": "DAYS"
      },
      {
        "name": "Multi-Rate ",
        "externalCode": "MULTI"
      },
      {
        "name": "Family Pricing Test",
        "externalCode": "FPT"
      },
      {
        "name": "Linked Rates",
        "externalCode": "LNK"
      },
      {
        "name": "This rate plan has more than 20 characters",
        "externalCode": "20C"
      },
      {
        "name": "Web Room Upgrade",
        "externalCode": "WRU"
      },
      {
        "name": "20% OFF BAR",
        "externalCode": "20PCT"
      },
      {
        "name": "$50 Rate",
        "externalCode": "CUR"
      },
      {
        "name": "#Fun",
        "externalCode": "FUN"
      },
      {
        "name": "love & happiness",
        "externalCode": "AND"
      },
      {
        "name": "Greater Than >",
        "externalCode": "GRT"
      },
      {
        "name": "50% OFF",
        "externalCode": "PCT"
      },
      {
        "name": "SAG1",
        "externalCode": "SAG1"
      },
      {
        "name": "SAG2",
        "externalCode": "SAG2"
      },
      {
        "name": "ts rack rate plan",
        "externalCode": "RACK12"
      },
      {
        "name": "new rack rate",
        "externalCode": "RACK56"
      },
      {
        "name": "test p",
        "externalCode": "TESTP"
      },
      {
        "name": "fri 01",
        "externalCode": "FRI101"
      },
      {
        "name": "Test Ecc",
        "externalCode": "ECC1"
      },
      {
        "name": "Test rate plan 6.11EM",
        "externalCode": "5626"
      },
      {
        "name": "New",
        "externalCode": "NEW"
      },
      {
        "name": "Ent Der Test Room RP",
        "externalCode": "T3434"
      },
      {
        "name": "Linked Rate 01",
        "externalCode": "DIS006"
      },
      {
        "name": "PV Special",
        "externalCode": "PVR"
      },
      {
        "name": "CSK",
        "externalCode": "CSK"
      },
      {
        "name": "testab",
        "externalCode": "TESTAB"
      },
      {
        "name": "Economy Rate Plan",
        "externalCode": "RPECO"
      },
      {
        "name": "Rate6",
        "externalCode": "RATE6"
      },
      {
        "name": "new dec rate",
        "externalCode": "NEW123"
      },
      {
        "name": "Elastic Rate",
        "externalCode": "ELST"
      },
      {
        "name": "rate06",
        "externalCode": "RATE06"
      },
      {
        "name": "RP181",
        "externalCode": "RP181"
      },
      {
        "name": "new vbr rate",
        "externalCode": "VBR123"
      },
      {
        "name": "asdasdsad",
        "externalCode": "SADSAD"
      },
      {
        "name": "Language Test11",
        "externalCode": "LANG"
      },
      {
        "name": "TEST123",
        "externalCode": "AD123"
      },
      {
        "name": "CYB Rack Rate Test",
        "externalCode": "CYB34"
      },
      {
        "name": "DFG ENG",
        "externalCode": "DFG1"
      },
      {
        "name": "OWWRACK",
        "externalCode": "OWWRCK"
      },
      {
        "name": "OWWPROMO",
        "externalCode": "OWWPRO"
      },
      {
        "name": "GRAC50",
        "externalCode": "GRAC50"
      },
      {
        "name": "H-SEH Flash Sale",
        "externalCode": "FLSSEH"
      },
      {
        "name": "AP Test ERP",
        "externalCode": "TED00"
      },
      {
        "name": "Trent Rack",
        "externalCode": "TRENTR"
      },
      {
        "name": "Demo Day 2",
        "externalCode": "FALTRN"
      },
      {
        "name": "Mayur New RP",
        "externalCode": "MB1510"
      },
      {
        "name": "777 RACK Rate",
        "externalCode": "777RAC"
      },
      {
        "name": "77 Discount Rate",
        "externalCode": "77DISC"
      },
      {
        "name": "77 Promotional Rate",
        "externalCode": "77PRO"
      },
      {
        "name": "CYB Rack RAte 54",
        "externalCode": "RAC54"
      },
      {
        "name": "Festival Special RP",
        "externalCode": "FEST01"
      },
      {
        "name": "ABCD",
        "externalCode": "ABCD"
      },
      {
        "name": "Test Rack Pro 1",
        "externalCode": "TST0"
      },
      {
        "name": "test erp123456",
        "externalCode": "5654"
      },
      {
        "name": "Silver Test RP",
        "externalCode": "TES001"
      },
      {
        "name": "MRF RP 001",
        "externalCode": "MRF001"
      },
      {
        "name": "Test prod",
        "externalCode": "BGBF"
      },
      {
        "name": "Test Del Rate 2",
        "externalCode": "TRAC2"
      },
      {
        "name": "77 Rack Rate",
        "externalCode": "77RAC"
      },
      {
        "name": "Mayur Patch RP ",
        "externalCode": "DE4123"
      },
      {
        "name": "OWW Demo Rate",
        "externalCode": "OWWDEM"
      },
      {
        "name": "771 ENT Rack Rate Plan",
        "externalCode": "771RAC"
      },
      {
        "name": "SP Test Rate Plan",
        "externalCode": "SP1"
      },
      {
        "name": "ADVPURCHASE SME",
        "externalCode": "ADVSME"
      },
      {
        "name": "Lead Rate Min Max",
        "externalCode": "LEAD27"
      },
      {
        "name": "CLIFF WOOD RATE PLAN",
        "externalCode": "CLIF"
      },
      {
        "name": "Lead Time Min 10 Rate",
        "externalCode": "LEAD25"
      },
      {
        "name": "Lead Time Max 10 Rate",
        "externalCode": "LEAD26"
      },
      {
        "name": "qa_amit",
        "externalCode": "QAAMIT"
      },
      {
        "name": "Shop Till You Drop",
        "externalCode": "SHOP"
      },
      {
        "name": "HJKLO",
        "externalCode": "UHYI"
      },
      {
        "name": "SDF ENG",
        "externalCode": "SDF"
      },
      {
        "name": "TYU",
        "externalCode": "TYU"
      },
      {
        "name": "CYB001 ",
        "externalCode": "CYB001"
      },
      {
        "name": "1002 MultiRate",
        "externalCode": "ZMULTI"
      },
      {
        "name": "ISSUE test",
        "externalCode": "ISSE"
      },
      {
        "name": "ENT RATEPLAN CHECK",
        "externalCode": "7574"
      },
      {
        "name": "VK NOV 26",
        "externalCode": "YJUTG"
      },
      {
        "name": "VK MAX 10",
        "externalCode": "QDLK"
      },
      {
        "name": "KJL",
        "externalCode": "KJL"
      },
      {
        "name": "VK MAX 12 Days",
        "externalCode": "VKMX12"
      },
      {
        "name": "NOV 24",
        "externalCode": "VGBH"
      },
      {
        "name": "VK MIN 6 Days",
        "externalCode": "EDS"
      },
      {
        "name": "testttttt",
        "externalCode": "MARC"
      },
      {
        "name": "PROD RATEPLAN",
        "externalCode": "34556"
      },
      {
        "name": "CYB101 Rate",
        "externalCode": "CYB101"
      },
      {
        "name": "Source Rate Plan (Individual Property)",
        "externalCode": "CYBPRO"
      },
      {
        "name": "Individual Properties RP 01",
        "externalCode": "INDRP1"
      },
      {
        "name": "New Flat RP 01",
        "externalCode": "FRP01"
      },
      {
        "name": "Trent Promo Demo",
        "externalCode": "TRENPR"
      },
      {
        "name": "Rack-Flat-DOW-Rate",
        "externalCode": "ENTRAC"
      },
      {
        "name": "CYB22 Restriction Rate",
        "externalCode": "CYB22"
      },
      {
        "name": "EP_Hurdles_6938",
        "externalCode": "HRDRP"
      },
      {
        "name": "English Rate Plan",
        "externalCode": "MUL123"
      },
      {
        "name": "E - LOS GT-EQ 3 Rate",
        "externalCode": "ELOS12"
      },
      {
        "name": "E - Lead Rate 5 - 20",
        "externalCode": "LEAD12"
      },
      {
        "name": "test123456789",
        "externalCode": "808012"
      },
      {
        "name": "IDeaS Daily Rate",
        "externalCode": "DEMCR"
      },
      {
        "name": "Fall Promo Rate",
        "externalCode": "FALL"
      },
      {
        "name": "NA Demo AP",
        "externalCode": "NADEMO"
      },
      {
        "name": "Extended Stay ",
        "externalCode": "EXT"
      },
      {
        "name": "DUPRP1",
        "externalCode": "DUPRP"
      },
      {
        "name": "OWWC1",
        "externalCode": "OWWC1"
      },
      {
        "name": "SIRI TEST",
        "externalCode": "SIRI"
      },
      {
        "name": "RST TST",
        "externalCode": "RST"
      },
      {
        "name": "Cybage Promotional",
        "externalCode": "CYBP"
      },
      {
        "name": "JASS test rate plan",
        "externalCode": "JASS"
      },
      {
        "name": "TEST HEADER WITH TESTRATE20001",
        "externalCode": "T901"
      },
      {
        "name": "Discount test 42",
        "externalCode": "ZD05"
      },
      {
        "name": "Corp Test 9 1",
        "externalCode": "ZC10"
      },
      {
        "name": "Corp Test 10",
        "externalCode": "ZC12"
      },
      {
        "name": "TestLinkedRate",
        "externalCode": "NJLK"
      },
      {
        "name": "LastPlan",
        "externalCode": "LAST"
      },
      {
        "name": "Corp Test 11",
        "externalCode": "ZC13"
      },
      {
        "name": "Discount test 1",
        "externalCode": "ZD01"
      },
      {
        "name": "Discount test 41",
        "externalCode": "ZD04"
      },
      {
        "name": "Corp Test 5 1",
        "externalCode": "ZCO5"
      },
      {
        "name": "Corp Test 6",
        "externalCode": "ZCO7"
      },
      {
        "name": "Corp Test 7",
        "externalCode": "ZCO8"
      },
      {
        "name": "Cybage test plan1",
        "externalCode": "CYT1"
      },
      {
        "name": "qqq",
        "externalCode": "QQQ"
      },
      {
        "name": "ddd rate",
        "externalCode": "DDD"
      },
      {
        "name": "Test RP fr disc",
        "externalCode": "TRFD"
      },
      {
        "name": "Standard Rate",
        "externalCode": "TESTBA"
      },
      {
        "name": "ABMLOS",
        "externalCode": "MLOS"
      },
      {
        "name": "cybtestrack",
        "externalCode": "CYBT"
      },
      {
        "name": "A Rambo",
        "externalCode": "RAMB"
      },
      {
        "name": "T111 Rate",
        "externalCode": "T111"
      },
      {
        "name": "TE11",
        "externalCode": "TE11"
      },
      {
        "name": "LeadDaily",
        "externalCode": "LDR"
      },
      {
        "name": "Rate Plan 1",
        "externalCode": "RATE20"
      },
      {
        "name": "Rate Plan 2",
        "externalCode": "RATE25"
      },
      {
        "name": "BAR TEst",
        "externalCode": "BAR123"
      },
      {
        "name": "DOWplan1",
        "externalCode": "DOW1"
      },
      {
        "name": "Lowest RP",
        "externalCode": "856696"
      },
      {
        "name": "SIM RATE PLAN",
        "externalCode": "SIM"
      },
      {
        "name": "EBP 2018 regression",
        "externalCode": "457"
      },
      {
        "name": "ENGLISH",
        "externalCode": "ENGLIS"
      },
      {
        "name": "English name for RP",
        "externalCode": "8566"
      },
      {
        "name": "TestRate Plan",
        "externalCode": "ST1234"
      },
      {
        "name": "ENGLISHRP",
        "externalCode": "ENG"
      },
      {
        "name": "ENGLISHRP_1",
        "externalCode": "ENG1"
      },
      {
        "name": "MANS sdsdas",
        "externalCode": "MANS"
      },
      {
        "name": "URM RP 1",
        "externalCode": "URM1"
      },
      {
        "name": "Target Production rate plan",
        "externalCode": "TARPRO"
      },
      {
        "name": "Copy Clone Test",
        "externalCode": "COPY"
      },
      {
        "name": "URM RP 3",
        "externalCode": "URM3"
      },
      {
        "name": "URM RP 4",
        "externalCode": "URM4"
      },
      {
        "name": "URM RP 2",
        "externalCode": "URM2"
      },
      {
        "name": "Production test rate plan",
        "externalCode": "PROD"
      },
      {
        "name": "Non Enterprise Rate plan",
        "externalCode": "NON111"
      },
      {
        "name": "Test Delete Property Rate Plan",
        "externalCode": "TESDEL"
      },
      {
        "name": "One Adult Occ RP",
        "externalCode": "1AD"
      },
      {
        "name": "Linked One Adult Occ RP",
        "externalCode": "1ADLI"
      },
      {
        "name": "VSp test",
        "externalCode": "VSP11"
      },
      {
        "name": "TSTGRP1 Test Rate",
        "externalCode": "T12345"
      },
      {
        "name": "Zero Inventory Rateplan",
        "externalCode": "ZIRP"
      },
      {
        "name": "Group Shoulder",
        "externalCode": "GSH"
      },
      {
        "name": "Room upgrade RP prod",
        "externalCode": "6767"
      },
      {
        "name": "Best Available",
        "externalCode": "BAR2"
      },
      {
        "name": "Closest 10",
        "externalCode": "CL2"
      },
      {
        "name": "Closest 5",
        "externalCode": "CL3"
      },
      {
        "name": "Long rate plan name for testing sagar test test",
        "externalCode": "43545"
      },
      {
        "name": "room upgrade rp",
        "externalCode": "456"
      },
      {
        "name": "New rateplan 2017",
        "externalCode": "7522"
      },
      {
        "name": "promotional_RP",
        "externalCode": "12345"
      },
      {
        "name": "Test Rate Plan - TRPT1",
        "externalCode": "TRPT1"
      },
      {
        "name": "stay 7 pay 6",
        "externalCode": "PKG"
      },
      {
        "name": "Test Rate Plan",
        "externalCode": "ZERO"
      },
      {
        "name": "6938",
        "externalCode": "3423"
      },
      {
        "name": "ih47",
        "externalCode": "IH47"
      },
      {
        "name": "new rp",
        "externalCode": "333"
      },
      {
        "name": "RACK SINGLE",
        "externalCode": "SING"
      },
      {
        "name": "IH 6.1 Patch",
        "externalCode": "CODEX"
      },
      {
        "name": "Inventory Rateplan",
        "externalCode": "IRPT"
      },
      {
        "name": "OUT1",
        "externalCode": "OUT1"
      },
      {
        "name": "RP prod",
        "externalCode": "645"
      },
      {
        "name": "GRAC45",
        "externalCode": "GRAC45"
      },
      {
        "name": "OWW Demo Discount 1017",
        "externalCode": "OWWD17"
      },
      {
        "name": "Demo Advance Purchase 1017",
        "externalCode": "PRO17A"
      },
      {
        "name": "Test Del RP",
        "externalCode": "TESRAC"
      },
      {
        "name": "ENT Derived RP URM",
        "externalCode": "ENT112"
      },
      {
        "name": "ENT Linked  Rateplan",
        "externalCode": "ENT114"
      },
      {
        "name": "Best Available Rate_ENG",
        "externalCode": "BAR"
      },
      {
        "name": "Test RP for EBP",
        "externalCode": "65565"
      },
      {
        "name": "Test RP",
        "externalCode": "567"
      },
      {
        "name": "Honeymoon RP",
        "externalCode": "787"
      },
      {
        "name": "New Enterprise rateplan",
        "externalCode": "465687"
      },
      {
        "name": "Multi Rate Base Rate 1",
        "externalCode": "MRT1"
      },
      {
        "name": "Lead Time Restriction",
        "externalCode": "KANK10"
      },
      {
        "name": "Rate Plan A",
        "externalCode": "RPC006"
      },
      {
        "name": "test new",
        "externalCode": "1235"
      },
      {
        "name": "Multi Rate Base Rate 2",
        "externalCode": "MLT2"
      },
      {
        "name": "Ent Property Rate plan",
        "externalCode": "ENT111"
      },
      {
        "name": "Linked Rate plan test",
        "externalCode": "TPT432"
      },
      {
        "name": "ENT Derived RP URM2",
        "externalCode": "URM115"
      },
      {
        "name": "Test GDS Rate",
        "externalCode": "GDT"
      },
      {
        "name": "Lead time discount",
        "externalCode": "EVA1"
      },
      {
        "name": "ENT PP Flat 4561",
        "externalCode": "ERP1MT"
      },
      {
        "name": "EP_Linked_Percent Inc_4561",
        "externalCode": "EPRP2"
      },
      {
        "name": "ENT PP Individual 4561",
        "externalCode": "ENTPMT"
      },
      {
        "name": "ENT PP Linked 4561",
        "externalCode": "ENTDMT"
      },
      {
        "name": "HURDLES Flat 4561",
        "externalCode": "HRPF"
      },
      {
        "name": "HURDLES Linked 4561",
        "externalCode": "HRPL"
      },
      {
        "name": "HURDLES Individual 4561",
        "externalCode": "HRPI"
      },
      {
        "name": "Property Rate Plan_4561",
        "externalCode": "PROPRP"
      },
      {
        "name": "TPt",
        "externalCode": "KG1"
      },
      {
        "name": "mel test",
        "externalCode": "MEL"
      },
      {
        "name": "promo rate plan",
        "externalCode": "PROMO3"
      },
      {
        "name": "discount rate plan",
        "externalCode": "DSIC23"
      },
      {
        "name": "PROD TEST PATCH",
        "externalCode": "PCR002"
      },
      {
        "name": "Duplicate 3",
        "externalCode": "EPRP5"
      },
      {
        "name": "HURDLES Property Rate Plan 4561",
        "externalCode": "HPROP"
      },
      {
        "name": "Third night free NEW CORE for testing in produc",
        "externalCode": "THRD"
      },
      {
        "name": "Test BAR",
        "externalCode": "TSTB"
      }
    ],
    "hotels": [
      {
        "name": " - The Indian Pride",
        "id": "1002"
      },
      {
        "name": " - PMSConnect Test 2",
        "id": "1011"
      },
      {
        "name": " GDS Test Hotel",
        "id": "4561"
      },
      {
        "name": "Beau Manor (AV TEST)_ENGLISH",
        "id": "6938"
      },
      {
        "name": " - Stephanie Chan's RG Test Hotel",
        "id": "73846"
      }
    ],
    "starRatings": [
      "1",
      "2",
      "3",
      "4"
    ],
    "packageCategories": [
      "Family Packages",
      "SAG",
      "Category 1",
      "default",
      "Beach",
      "Hidden"
    ],
    "amenities": [
      {
        "id": 92,
        "sort": 0,
        "premium": true,
        "name": "Florist"
      },
      {
        "id": 62,
        "sort": 1,
        "premium": false,
        "name": "24-Hour Front Desk"
      },
      {
        "id": 62,
        "sort": 2,
        "premium": false,
        "name": "24-Hour Front Desk"
      },
      {
        "id": 11,
        "sort": 3,
        "premium": false,
        "name": "Airline Desk"
      },
      {
        "id": 18,
        "sort": 4,
        "premium": false,
        "name": "Bar"
      },
      {
        "id": 18,
        "sort": 5,
        "premium": false,
        "name": "Bar"
      },
      {
        "id": 67500,
        "sort": 6,
        "premium": false,
        "name": "Bed and Breakfast"
      },
      {
        "id": 32,
        "sort": 7,
        "premium": false,
        "name": "Boutiques"
      },
      {
        "id": 32,
        "sort": 8,
        "premium": false,
        "name": "Boutiques"
      },
      {
        "id": 50,
        "sort": 9,
        "premium": false,
        "name": "Coffee Shop"
      },
      {
        "id": 175879,
        "sort": 10,
        "premium": false,
        "name": "Dipika &amp;"
      },
      {
        "id": 67,
        "sort": 11,
        "premium": false,
        "name": "Doctor on Call"
      },
      {
        "id": 97,
        "sort": 12,
        "premium": false,
        "name": "On the Garden"
      },
      {
        "id": 165,
        "sort": 13,
        "premium": false,
        "name": "Pool"
      },
      {
        "id": 205,
        "sort": 14,
        "premium": false,
        "name": "Shopping"
      },
      {
        "id": 219,
        "sort": 15,
        "premium": false,
        "name": "Spa"
      },
      {
        "id": 222,
        "sort": 16,
        "premium": false,
        "name": "Steam Bath"
      },
      {
        "id": 228,
        "sort": 17,
        "premium": false,
        "name": "Tennis"
      },
      {
        "id": 230,
        "sort": 18,
        "premium": false,
        "name": "Tennis Pro"
      },
      {
        "id": 175877,
        "sort": 19,
        "premium": false,
        "name": "Test &amp; amenity &"
      },
      {
        "id": 233,
        "sort": 20,
        "premium": false,
        "name": "Theme Rooms - Studio"
      },
      {
        "id": 179,
        "sort": 21,
        "premium": false,
        "name": "Valet Parking"
      },
      {
        "id": 252,
        "sort": 22,
        "premium": false,
        "name": "Wakeup Service"
      },
      {
        "id": 254,
        "sort": 23,
        "premium": false,
        "name": "Wheel Chair Access"
      },
      {
        "id": 256,
        "sort": 24,
        "premium": false,
        "name": "White Board"
      },
      {
        "id": 660,
        "sort": 25,
        "premium": false,
        "name": "Wi-Fi"
      }
    ]
  }
}
