{"chainCode":"CYB","chainName":"Test chain","webAddress":null,"enableAreaSearch":true,"maxRoomsPerBooking":5,"currentCurrency":{"currencyCode":"USD","isDefaultCurrency":true,"currencySymbol":"$","exchangeRate":1.0,"currencyDisplayFormat":{"format":"##,###,###.##","decimalSeparator":".","unitSeparator":",","scale":3,"precision":2},"chainCurrecnyExchangeRate":1.0},"currentLanguage":{"isDefaultLanguage":true,"languageCode":"EN_US","description":"English (US)","languageId":1},"occupancyInfo":{"allowChildren":true,"allowInfants":false,"maxAdultOccupancy":3,"maxChildOccupancy":2,"maxOcc":4,"defaultAdult":2,"defaultChild":1,"defaultInfants":1,"defaultRooms":1},"brandInfo":{"webAddress":null,"logoBackgroundColor":null,"cssLocation":"/assets/chain/cyb/themes/1157/1157-20181116-084837.css","themeId":"1157","smallLogo":"/assets/chain/cyb/media/brand/small-logo-banner/villa-night-view_w.jpg","wideLogo":"/assets/chain/cyb/media/brand/wide-logo-banner/bw-purple-bedroom.jpg","homepageURL":"www.google.com","themeCode":"20oct"},"uxConfiguration":{"defaultSortOrder":0,"defaultViewDisplayFormat":1,"enableStrikeThroughPricing":true,"enabledInteractiveMessages":true,"enabledDisplayRatePricing":true,"enableCarouselAutoScroll":true,"enableDisplaySortOrderFilter":true,"enableDisplayMap":true,"enableCurrencyConverter":true,"enableGroupCode":true,"enablePropertyImageTags":true,"destinationSearchTypes":{"enableCustomDestinationsSearch":true,"enableProximitySearch":false,"enableMetaDataSearch":true},"calendarConfig":{"weekFormat":0,"monthsToLookAhead":10,"visibleMonths":2},"specialCodesFieldEnabled":true,"enablePromotionalCodes":true,"enableDiscountCode":true,"enableVideoAutoPlay":true,"showHotelClassControl":true,"showPropertyTypeControl":true,"showBrandControl":true,"showHotelControl":true,"gtmcontainerID":"GTM-TZGDPM","crmSettings":{"chainCode":"cyb","enabledCRM":"TCGMS","enabledPrivateOffers":true,"tcGMSPortalName":"iHotelier","isDisplaySignUp":false,"signUpFormFields":{"emailField":{"display":true,"mandatory":true},"passwordField":{"display":true,"mandatory":true},"confirmPasswordField":{"display":true,"mandatory":true},"fnameField":{"display":false,"mandatory":false},"lnameField":{"display":false,"mandatory":false},"phNumField":{"display":false,"mandatory":false},"countryCodeField":{"display":false,"mandatory":false},"freqGuestIdField":{"display":false,"mandatory":false}},"socialLoginOptions":{"enabledFacebookLogin":true,"enabledTwitterLogin":true},"modifiedBy":"ihvpatel","validateForEmailFormat":true},"ratePlanPreviewDisplayPreferance":0,"clientUaNumber":"","showCountryDestination":false,"showStateDestination":true,"showCityDestination":true,"showRegionDestination":true,"showNeighborhoodDestination":true,"filtersSettings":{"disableSorting":false,"maxPriceRange":5000.0,"minPriceRange":0.0,"filterProperties":[{"filtId":"default-0","filtEnabled":true,"filtDisFormat":0,"filtSortOrder":0},{"filtId":"default-1","filtEnabled":true,"filtDisFormat":1,"filtSortOrder":1},{"filtId":"default-2","filtEnabled":true,"filtDisFormat":0,"filtSortOrder":2},{"filtId":"default-3","filtEnabled":true,"filtDisFormat":0,"filtSortOrder":3},{"filtId":"default-4","filtEnabled":true,"filtDisFormat":0,"filtSortOrder":4},{"filtId":"default-5","filtEnabled":true,"filtDisFormat":0,"filtSortOrder":5},{"filtId":"842","filtEnabled":true,"filtDisFormat":0,"filtSortOrder":6},{"filtId":"843","filtEnabled":true,"filtDisFormat":0,"filtSortOrder":7},{"filtId":"844","filtEnabled":true,"filtDisFormat":0,"filtSortOrder":8},{"filtId":"847","filtEnabled":true,"filtDisFormat":0,"filtSortOrder":9},{"filtId":"857","filtEnabled":true,"filtDisFormat":0,"filtSortOrder":10},{"filtId":"918","filtEnabled":true,"filtDisFormat":0,"filtSortOrder":11},{"filtId":"961","filtEnabled":true,"filtDisFormat":0,"filtSortOrder":12},{"filtId":"971","filtEnabled":true,"filtDisFormat":0,"filtSortOrder":-1},{"filtId":"972","filtEnabled":true,"filtDisFormat":0,"filtSortOrder":-1}]},"unitOfMeasure":"Imperial","customURLSettings":{"urlId":null,"urlPathCode":null,"status":0}},"languages":[{"isDefaultLanguage":true,"languageCode":"EN_US","description":"English (US)","languageId":1},{"isDefaultLanguage":false,"languageCode":"FR_FR","description":"Français","languageId":3},{"isDefaultLanguage":false,"languageCode":"HR_HR","description":"Hrvatski","languageId":23},{"isDefaultLanguage":false,"languageCode":"ZH_TW","description":"繁體中文","languageId":12},{"isDefaultLanguage":false,"languageCode":"DE_DE","description":"Deutsch","languageId":7},{"isDefaultLanguage":false,"languageCode":"PT_PT","description":"Português","languageId":4},{"isDefaultLanguage":false,"languageCode":"ZH_CH","description":"简体中文","languageId":5},{"isDefaultLanguage":false,"languageCode":"ES_ES","description":"Español","languageId":2},{"isDefaultLanguage":false,"languageCode":"IT_IT","description":"Italiano","languageId":8},{"isDefaultLanguage":false,"languageCode":"EN_UK","description":"English (UK)","languageId":11},{"isDefaultLanguage":false,"languageCode":"BG_BG","description":"Bulgarian","languageId":38},{"isDefaultLanguage":false,"languageCode":"KR_KR","description":"한국어","languageId":26},{"isDefaultLanguage":false,"languageCode":"IND_ID","description":"Indonesia","languageId":28},{"isDefaultLanguage":false,"languageCode":"RU_RU","description":"Русский","languageId":9}],"currencies":[{"currencyCode":"AED","isDefaultCurrency":false,"currencySymbol":"AED","exchangeRate":3.67354,"currencyDisplayFormat":{"format":"############.##","decimalSeparator":".","unitSeparator":"","scale":3,"precision":2},"chainCurrecnyExchangeRate":0.27229},{"currencyCode":"AFA","isDefaultCurrency":false,"currencySymbol":"AFA","exchangeRate":76.27961,"currencyDisplayFormat":{"format":"############.##","decimalSeparator":".","unitSeparator":"","scale":3,"precision":2},"chainCurrecnyExchangeRate":0.01324},{"currencyCode":"AMD","isDefaultCurrency":false,"currencySymbol":"AMD","exchangeRate":497.87438,"currencyDisplayFormat":{"format":"##,###,###.##","decimalSeparator":".","unitSeparator":",","scale":3,"precision":2},"chainCurrecnyExchangeRate":0.0021},{"currencyCode":"ANG","isDefaultCurrency":false,"currencySymbol":"ƒ","exchangeRate":1.79,"currencyDisplayFormat":{"format":"############,##","decimalSeparator":",","unitSeparator":"","scale":0,"precision":2},"chainCurrecnyExchangeRate":0.55866},{"currencyCode":"ARS","isDefaultCurrency":false,"currencySymbol":"$","exchangeRate":37.6863,"currencyDisplayFormat":{"format":"############.##","decimalSeparator":".","unitSeparator":"","scale":3,"precision":2},"chainCurrecnyExchangeRate":0.02635},{"currencyCode":"AUD","isDefaultCurrency":false,"currencySymbol":"$","exchangeRate":1.38352,"currencyDisplayFormat":{"format":"############.##","decimalSeparator":".","unitSeparator":"","scale":3,"precision":2},"chainCurrecnyExchangeRate":0.71787},{"currencyCode":"AZN","isDefaultCurrency":false,"currencySymbol":"ман","exchangeRate":1.70525,"currencyDisplayFormat":{"format":"##,###,###.##","decimalSeparator":".","unitSeparator":",","scale":3,"precision":2},"chainCurrecnyExchangeRate":0.58919},{"currencyCode":"BBD","isDefaultCurrency":false,"exchangeRate":2.0,"currencyDisplayFormat":{"format":"##,###,###.##","decimalSeparator":".","unitSeparator":",","scale":3,"precision":2},"chainCurrecnyExchangeRate":0.5},{"currencyCode":"BGN","isDefaultCurrency":false,"exchangeRate":1.72082,"currencyDisplayFormat":{"format":"############,##","decimalSeparator":",","unitSeparator":"","scale":0,"precision":2},"chainCurrecnyExchangeRate":0.57873},{"currencyCode":"BHD","isDefaultCurrency":false,"currencySymbol":"BHD","exchangeRate":0.37922,"currencyDisplayFormat":{"format":"############.##","decimalSeparator":".","unitSeparator":"","scale":3,"precision":2},"chainCurrecnyExchangeRate":2.66973},{"currencyCode":"BND","isDefaultCurrency":false,"currencySymbol":"$","exchangeRate":1.37122,"currencyDisplayFormat":{"format":"############.##","decimalSeparator":".","unitSeparator":"","scale":3,"precision":2},"chainCurrecnyExchangeRate":0.72729},{"currencyCode":"BOB","isDefaultCurrency":false,"currencySymbol":"$b","exchangeRate":7.03959,"currencyDisplayFormat":{"format":"############.##","decimalSeparator":".","unitSeparator":"","scale":3,"precision":2},"chainCurrecnyExchangeRate":0.1472},{"currencyCode":"BRL","isDefaultCurrency":false,"currencySymbol":"R$","exchangeRate":3.87174,"currencyDisplayFormat":{"format":"############.##","decimalSeparator":".","unitSeparator":"","scale":3,"precision":2},"chainCurrecnyExchangeRate":0.25851},{"currencyCode":"BSD","isDefaultCurrency":false,"exchangeRate":1.0,"currencyDisplayFormat":{"format":"##,###,###.##","decimalSeparator":".","unitSeparator":",","scale":3,"precision":2},"chainCurrecnyExchangeRate":1.0},{"currencyCode":"CAD","isDefaultCurrency":false,"currencySymbol":"$","exchangeRate":1.33579,"currencyDisplayFormat":{"format":"############.##","decimalSeparator":".","unitSeparator":"","scale":3,"precision":2},"chainCurrecnyExchangeRate":0.74873},{"currencyCode":"CHF","isDefaultCurrency":false,"currencySymbol":"CHF","exchangeRate":0.99338,"currencyDisplayFormat":{"format":"############.##","decimalSeparator":".","unitSeparator":"","scale":3,"precision":2},"chainCurrecnyExchangeRate":1.00689},{"currencyCode":"CLP","isDefaultCurrency":false,"currencySymbol":"$","exchangeRate":680.44169,"currencyDisplayFormat":{"format":"############.##","decimalSeparator":".","unitSeparator":"","scale":3,"precision":2},"chainCurrecnyExchangeRate":0.00146},{"currencyCode":"CNY","isDefaultCurrency":false,"currencySymbol":"¥","exchangeRate":6.87967,"currencyDisplayFormat":{"format":"############.##","decimalSeparator":".","unitSeparator":"","scale":3,"precision":2},"chainCurrecnyExchangeRate":0.14499},{"currencyCode":"COP","isDefaultCurrency":false,"currencySymbol":"$","exchangeRate":3175.38004,"currencyDisplayFormat":{"format":"###,###,###.##","decimalSeparator":".","unitSeparator":",","scale":3,"precision":2},"chainCurrecnyExchangeRate":3.1E-4},{"currencyCode":"CYP","isDefaultCurrency":false,"currencySymbol":"CYP","exchangeRate":0.51495,"currencyDisplayFormat":{"format":"############.##","decimalSeparator":".","unitSeparator":"","scale":3,"precision":2},"chainCurrecnyExchangeRate":1.93398},{"currencyCode":"CZK","isDefaultCurrency":false,"currencySymbol":"Kč","exchangeRate":22.73309,"currencyDisplayFormat":{"format":"############.##","decimalSeparator":".","unitSeparator":"","scale":3,"precision":2},"chainCurrecnyExchangeRate":0.04401},{"currencyCode":"DKK","isDefaultCurrency":false,"currencySymbol":"kr","exchangeRate":6.56772,"currencyDisplayFormat":{"format":"############.##","decimalSeparator":".","unitSeparator":"","scale":3,"precision":2},"chainCurrecnyExchangeRate":0.1523},{"currencyCode":"DOP","isDefaultCurrency":false,"exchangeRate":50.61476,"currencyDisplayFormat":{"format":"##,###,###.##","decimalSeparator":".","unitSeparator":",","scale":3,"precision":2},"chainCurrecnyExchangeRate":0.02},{"currencyCode":"EEK","isDefaultCurrency":false,"currencySymbol":"EEK","exchangeRate":13.76652,"currencyDisplayFormat":{"format":"############.##","decimalSeparator":".","unitSeparator":"","scale":3,"precision":2},"chainCurrecnyExchangeRate":0.07234},{"currencyCode":"EGP","isDefaultCurrency":false,"exchangeRate":17.95058,"currencyDisplayFormat":{"format":"############.##","decimalSeparator":".","unitSeparator":"","scale":3,"precision":2},"chainCurrecnyExchangeRate":0.05581},{"currencyCode":"EUR","isDefaultCurrency":false,"currencySymbol":"€","exchangeRate":0.87984,"currencyDisplayFormat":{"format":"############,##","decimalSeparator":",","unitSeparator":"","scale":0,"precision":2},"chainCurrecnyExchangeRate":1.13672},{"currencyCode":"FJD","isDefaultCurrency":false,"currencySymbol":"$","exchangeRate":2.11713,"currencyDisplayFormat":{"format":"############.##","decimalSeparator":".","unitSeparator":"","scale":3,"precision":2},"chainCurrecnyExchangeRate":0.47833},{"currencyCode":"GBP","isDefaultCurrency":false,"currencySymbol":"£","exchangeRate":0.79104,"currencyDisplayFormat":{"format":"############.##","decimalSeparator":".","unitSeparator":"","scale":3,"precision":2},"chainCurrecnyExchangeRate":1.26438},{"currencyCode":"GEL","isDefaultCurrency":false,"exchangeRate":2.67537,"currencyDisplayFormat":{"format":"############.##","decimalSeparator":".","unitSeparator":"","scale":3,"precision":2},"chainCurrecnyExchangeRate":0.37751},{"currencyCode":"GTQ","isDefaultCurrency":false,"exchangeRate":7.81015,"currencyDisplayFormat":{"format":"##,###,###.##","decimalSeparator":".","unitSeparator":",","scale":3,"precision":2},"chainCurrecnyExchangeRate":0.13072},{"currencyCode":"HKD","isDefaultCurrency":false,"currencySymbol":"$","exchangeRate":7.81155,"currencyDisplayFormat":{"format":"###,###,###.##","decimalSeparator":".","unitSeparator":",","scale":3,"precision":2},"chainCurrecnyExchangeRate":0.12802},{"currencyCode":"HRK","isDefaultCurrency":false,"currencySymbol":"kn","exchangeRate":6.50622,"currencyDisplayFormat":{"format":"############.##","decimalSeparator":".","unitSeparator":"","scale":3,"precision":2},"chainCurrecnyExchangeRate":0.15326},{"currencyCode":"HUF","isDefaultCurrency":false,"currencySymbol":"Ft","exchangeRate":284.45461,"currencyDisplayFormat":{"format":"############.##","decimalSeparator":".","unitSeparator":"","scale":3,"precision":2},"chainCurrecnyExchangeRate":0.0035},{"currencyCode":"IDR","isDefaultCurrency":false,"currencySymbol":"Rp","exchangeRate":14514.227,"currencyDisplayFormat":{"format":"##,###,###.##","decimalSeparator":".","unitSeparator":",","scale":3,"precision":2},"chainCurrecnyExchangeRate":7.0E-5},{"currencyCode":"ILS","isDefaultCurrency":false,"currencySymbol":"₪","exchangeRate":3.75935,"currencyDisplayFormat":{"format":"############.##","decimalSeparator":".","unitSeparator":"","scale":3,"precision":2},"chainCurrecnyExchangeRate":0.26549},{"currencyCode":"INR","isDefaultCurrency":false,"currencySymbol":"₹","exchangeRate":71.56993,"currencyDisplayFormat":{"format":"############.##","decimalSeparator":".","unitSeparator":"","scale":3,"precision":2},"chainCurrecnyExchangeRate":0.01395},{"currencyCode":"ISK","isDefaultCurrency":false,"currencySymbol":"ISK","exchangeRate":123.59992,"currencyDisplayFormat":{"format":"###.###.###","decimalSeparator":"","unitSeparator":".","scale":3,"precision":0},"chainCurrecnyExchangeRate":0.00812},{"currencyCode":"JOD","isDefaultCurrency":false,"currencySymbol":"JOD","exchangeRate":0.709,"currencyDisplayFormat":{"format":"############.##","decimalSeparator":".","unitSeparator":"","scale":3,"precision":2},"chainCurrecnyExchangeRate":1.41044},{"currencyCode":"JPY","isDefaultCurrency":false,"currencySymbol":"¥","exchangeRate":113.51498,"currencyDisplayFormat":{"format":"###,###,###,###","decimalSeparator":"","unitSeparator":",","scale":3,"precision":0},"chainCurrecnyExchangeRate":0.00881},{"currencyCode":"KES","isDefaultCurrency":false,"exchangeRate":103.17065,"currencyDisplayFormat":{"format":"##,###,###.##","decimalSeparator":".","unitSeparator":",","scale":3,"precision":2},"chainCurrecnyExchangeRate":0.00983},{"currencyCode":"KRW","isDefaultCurrency":false,"currencySymbol":"₩","exchangeRate":1125.34377,"currencyDisplayFormat":{"format":"############.##","decimalSeparator":".","unitSeparator":"","scale":3,"precision":2},"chainCurrecnyExchangeRate":8.8E-4},{"currencyCode":"KWD","isDefaultCurrency":false,"currencySymbol":"KWD","exchangeRate":0.30488,"currencyDisplayFormat":{"format":"##,###,###.##","decimalSeparator":".","unitSeparator":",","scale":3,"precision":2},"chainCurrecnyExchangeRate":3.29364},{"currencyCode":"KZT","isDefaultCurrency":false,"currencySymbol":"KZT","exchangeRate":370.47289,"currencyDisplayFormat":{"format":"############.##","decimalSeparator":".","unitSeparator":"","scale":3,"precision":2},"chainCurrecnyExchangeRate":0.00271},{"currencyCode":"LKR","isDefaultCurrency":false,"currencySymbol":"LKR","exchangeRate":180.13539,"currencyDisplayFormat":{"format":"##,###,###.##","decimalSeparator":".","unitSeparator":",","scale":3,"precision":2},"chainCurrecnyExchangeRate":0.00559},{"currencyCode":"LTL","isDefaultCurrency":false,"currencySymbol":"LTL","exchangeRate":3.03791,"currencyDisplayFormat":{"format":"############.##","decimalSeparator":".","unitSeparator":"","scale":3,"precision":2},"chainCurrecnyExchangeRate":0.32782},{"currencyCode":"LVL","isDefaultCurrency":false,"currencySymbol":"LVL","exchangeRate":0.61836,"currencyDisplayFormat":{"format":"############.##","decimalSeparator":".","unitSeparator":"","scale":3,"precision":2},"chainCurrecnyExchangeRate":1.61056},{"currencyCode":"MAD","isDefaultCurrency":false,"currencySymbol":"MAD","exchangeRate":9.56835,"currencyDisplayFormat":{"format":"############.##","decimalSeparator":".","unitSeparator":"","scale":3,"precision":2},"chainCurrecnyExchangeRate":0.10538},{"currencyCode":"MDL","isDefaultCurrency":false,"exchangeRate":17.36987,"currencyDisplayFormat":{"format":"############.##","decimalSeparator":".","unitSeparator":"","scale":3,"precision":2},"chainCurrecnyExchangeRate":0.05845},{"currencyCode":"MOP","isDefaultCurrency":false,"currencySymbol":"MOP","exchangeRate":8.04589,"currencyDisplayFormat":{"format":"##,###,###.##","decimalSeparator":".","unitSeparator":",","scale":3,"precision":2},"chainCurrecnyExchangeRate":0.1243},{"currencyCode":"MTL","isDefaultCurrency":false,"currencySymbol":"MTL","exchangeRate":0.37772,"currencyDisplayFormat":{"format":"############.##","decimalSeparator":".","unitSeparator":"","scale":3,"precision":2},"chainCurrecnyExchangeRate":2.63663},{"currencyCode":"MUR","isDefaultCurrency":false,"currencySymbol":"₨","exchangeRate":35.573,"currencyDisplayFormat":{"format":"##,###,###.##","decimalSeparator":".","unitSeparator":",","scale":3,"precision":2},"chainCurrecnyExchangeRate":0.02999},{"currencyCode":"MXN","isDefaultCurrency":false,"currencySymbol":"$","exchangeRate":20.17709,"currencyDisplayFormat":{"format":"###,###,###.##","decimalSeparator":".","unitSeparator":",","scale":3,"precision":2},"chainCurrecnyExchangeRate":0.04958},{"currencyCode":"MYR","isDefaultCurrency":false,"currencySymbol":"RM","exchangeRate":4.18347,"currencyDisplayFormat":{"format":"############.##","decimalSeparator":".","unitSeparator":"","scale":3,"precision":2},"chainCurrecnyExchangeRate":0.23927},{"currencyCode":"NAD","isDefaultCurrency":false,"exchangeRate":14.15734,"currencyDisplayFormat":{"format":"##,###,###.##","decimalSeparator":".","unitSeparator":",","scale":3,"precision":2},"chainCurrecnyExchangeRate":0.06977},{"currencyCode":"NGN","isDefaultCurrency":false,"exchangeRate":365.12484,"currencyDisplayFormat":{"format":"############.##","decimalSeparator":".","unitSeparator":"","scale":3,"precision":2},"chainCurrecnyExchangeRate":0.00276},{"currencyCode":"NOK","isDefaultCurrency":false,"currencySymbol":"kr","exchangeRate":8.56581,"currencyDisplayFormat":{"format":"############.##","decimalSeparator":".","unitSeparator":"","scale":3,"precision":2},"chainCurrecnyExchangeRate":0.11679},{"currencyCode":"NZD","isDefaultCurrency":false,"currencySymbol":"$","exchangeRate":1.45747,"currencyDisplayFormat":{"format":"############.##","decimalSeparator":".","unitSeparator":"","scale":3,"precision":2},"chainCurrecnyExchangeRate":0.68006},{"currencyCode":"OMR","isDefaultCurrency":false,"currencySymbol":"﷼","exchangeRate":0.38593,"currencyDisplayFormat":{"format":"##,###,###.##","decimalSeparator":".","unitSeparator":",","scale":3,"precision":2},"chainCurrecnyExchangeRate":2.60346},{"currencyCode":"PEN","isDefaultCurrency":false,"currencySymbol":"S/.","exchangeRate":3.3669,"currencyDisplayFormat":{"format":"############.##","decimalSeparator":".","unitSeparator":"","scale":3,"precision":2},"chainCurrecnyExchangeRate":0.29932},{"currencyCode":"PHP","isDefaultCurrency":false,"currencySymbol":"₱","exchangeRate":52.68665,"currencyDisplayFormat":{"format":"###,###,###.##","decimalSeparator":".","unitSeparator":",","scale":3,"precision":2},"chainCurrecnyExchangeRate":0.01901},{"currencyCode":"PKR","isDefaultCurrency":false,"currencySymbol":"PKR","exchangeRate":139.15972,"currencyDisplayFormat":{"format":"##,###,###.##","decimalSeparator":".","unitSeparator":",","scale":3,"precision":2},"chainCurrecnyExchangeRate":0.00721},{"currencyCode":"PLN","isDefaultCurrency":false,"currencySymbol":"zł","exchangeRate":3.7787,"currencyDisplayFormat":{"format":"############.##","decimalSeparator":".","unitSeparator":"","scale":3,"precision":2},"chainCurrecnyExchangeRate":0.26481},{"currencyCode":"QAR","isDefaultCurrency":false,"currencySymbol":"﷼","exchangeRate":3.66843,"currencyDisplayFormat":{"format":"##,###,###.##","decimalSeparator":".","unitSeparator":",","scale":3,"precision":2},"chainCurrecnyExchangeRate":0.277},{"currencyCode":"RON","isDefaultCurrency":false,"currencySymbol":"lei","exchangeRate":4.09946,"currencyDisplayFormat":{"format":"############.##","decimalSeparator":".","unitSeparator":"","scale":3,"precision":2},"chainCurrecnyExchangeRate":0.2435},{"currencyCode":"RUB","isDefaultCurrency":false,"currencySymbol":"₽","exchangeRate":66.35949,"currencyDisplayFormat":{"format":"############.##","decimalSeparator":".","unitSeparator":"","scale":3,"precision":2},"chainCurrecnyExchangeRate":0.01508},{"currencyCode":"SAR","isDefaultCurrency":false,"currencySymbol":"﷼","exchangeRate":3.75276,"currencyDisplayFormat":{"format":"##,###,###.##","decimalSeparator":".","unitSeparator":",","scale":3,"precision":2},"chainCurrecnyExchangeRate":0.26667},{"currencyCode":"SEK","isDefaultCurrency":false,"currencySymbol":"kr","exchangeRate":9.06907,"currencyDisplayFormat":{"format":"############.##","decimalSeparator":".","unitSeparator":"","scale":3,"precision":2},"chainCurrecnyExchangeRate":0.11032},{"currencyCode":"SGD","isDefaultCurrency":false,"currencySymbol":"$","exchangeRate":1.37122,"currencyDisplayFormat":{"format":"############.##","decimalSeparator":".","unitSeparator":"","scale":3,"precision":2},"chainCurrecnyExchangeRate":0.72729},{"currencyCode":"SKK","isDefaultCurrency":false,"currencySymbol":"SKK","exchangeRate":26.50608,"currencyDisplayFormat":{"format":"############.##","decimalSeparator":".","unitSeparator":"","scale":3,"precision":2},"chainCurrecnyExchangeRate":0.03757},{"currencyCode":"THB","isDefaultCurrency":false,"currencySymbol":"฿","exchangeRate":32.76642,"currencyDisplayFormat":{"format":"###,###,###.##","decimalSeparator":".","unitSeparator":",","scale":3,"precision":2},"chainCurrecnyExchangeRate":0.03054},{"currencyCode":"TND","isDefaultCurrency":false,"currencySymbol":"TND","exchangeRate":2.98402,"currencyDisplayFormat":{"format":"############.##","decimalSeparator":".","unitSeparator":"","scale":3,"precision":2},"chainCurrecnyExchangeRate":0.34149},{"currencyCode":"TOP","isDefaultCurrency":false,"exchangeRate":2.31326,"currencyDisplayFormat":{"format":"###,###,###.##","decimalSeparator":".","unitSeparator":",","scale":3,"precision":2},"chainCurrecnyExchangeRate":0.44377},{"currencyCode":"TRY","isDefaultCurrency":false,"currencySymbol":"₺","exchangeRate":5.35451,"currencyDisplayFormat":{"format":"############.##","decimalSeparator":".","unitSeparator":"","scale":3,"precision":2},"chainCurrecnyExchangeRate":0.18624},{"currencyCode":"TTD","isDefaultCurrency":false,"currencySymbol":"TT$","exchangeRate":6.82794,"currencyDisplayFormat":{"format":"##,###,###.##","decimalSeparator":".","unitSeparator":",","scale":3,"precision":2},"chainCurrecnyExchangeRate":0.14951},{"currencyCode":"TWD","isDefaultCurrency":false,"currencySymbol":"NT$","exchangeRate":30.85275,"currencyDisplayFormat":{"format":"############.##","decimalSeparator":".","unitSeparator":"","scale":3,"precision":2},"chainCurrecnyExchangeRate":0.03245},{"currencyCode":"UAH","isDefaultCurrency":false,"exchangeRate":28.00058,"currencyDisplayFormat":{"format":"##,###,###.##","decimalSeparator":".","unitSeparator":",","scale":3,"precision":2},"chainCurrecnyExchangeRate":0.03617},{"currencyCode":"UYU","isDefaultCurrency":false,"currencySymbol":"$U","exchangeRate":32.22908,"currencyDisplayFormat":{"format":"############.##","decimalSeparator":".","unitSeparator":"","scale":3,"precision":2},"chainCurrecnyExchangeRate":0.03119},{"currencyCode":"VEF","isDefaultCurrency":false,"exchangeRate":2.947849758683E7,"currencyDisplayFormat":{"format":"###,###,###,###","decimalSeparator":"","unitSeparator":",","scale":3,"precision":0},"chainCurrecnyExchangeRate":0.0},{"currencyCode":"VND","isDefaultCurrency":false,"currencySymbol":"₫","exchangeRate":23348.70771,"currencyDisplayFormat":{"format":"###,###,###","decimalSeparator":"","unitSeparator":",","scale":3,"precision":0},"chainCurrecnyExchangeRate":4.0E-5},{"currencyCode":"XOF","isDefaultCurrency":false,"exchangeRate":577.13772,"currencyDisplayFormat":{"format":"##,###,###.##","decimalSeparator":".","unitSeparator":",","scale":3,"precision":2},"chainCurrecnyExchangeRate":0.00173},{"currencyCode":"XPF","isDefaultCurrency":false,"currencySymbol":"XPF","exchangeRate":104.9929,"currencyDisplayFormat":{"format":"##,###,###.##","decimalSeparator":".","unitSeparator":",","scale":3,"precision":2},"chainCurrecnyExchangeRate":0.00949},{"currencyCode":"ZAR","isDefaultCurrency":false,"currencySymbol":"R","exchangeRate":14.15734,"currencyDisplayFormat":{"format":"############.##","decimalSeparator":".","unitSeparator":"","scale":3,"precision":2},"chainCurrecnyExchangeRate":0.06977},{"currencyCode":"USD","isDefaultCurrency":true,"currencySymbol":"$","exchangeRate":1.0,"currencyDisplayFormat":{"format":"##,###,###.##","decimalSeparator":".","unitSeparator":",","scale":3,"precision":2},"chainCurrecnyExchangeRate":1.0}],"hotelInfo":null,"destinationInfo":null,"attributeGroup":null,"translations":{"page_selectnewdest_ASselectnewdestLbl":"Please select new destination.","page_anotherdestination_ASAnotherDestinationLbl":"Oops! No results found.","page_nopropavl_ASnopropavlLbl":"No property available for your stay dates.","global_clickhere_ASclickhereLbl":"Click here","global_minus_ASWCAGminus":"Decrement #","global_reentercode_ASreentercodeLbl":"Please re-enter your code.","global_activate_ASactivateLbl":"Kindly activate your account.","page_propertyfound_AS1propertyfoundLbl":"1 property found","page_mandatoryfields_ASmandatoryFieldsLbl":"Mandatory Fields","global_canpolicy_AScanpolicyLbl":"Cancellation Policy:","global_readytounlock_ASreadytounlockLbl":"Ready to unlock exclusive low Rates?","global_map_ASmapLbl":"MAP","global_backas_ASbackasLbl":"Back to Area Search","global_guestname_ASguestNameLbl":"Guest Name","page_details_ASdetailsLbl":"DETAILS","global_pleaseenteremail_AspleaseenteremailLbl":"Please enter a valid email address.","global_nov_ASnovLbl":"Nov","global_loadmore_ASloadmoreLbl":"LOAD MORE","global_morepricingoptions_ASmorepricingoptionsLbl":"More Pricing Options","global_allpackages_ASallpackagesLbl":"All Packages","page_mapview_ASmapviewLbl":"Map View ","page_gridview_ASgridviewLbl":"Grid View","global_close_AScloseLbl":"Close","global_continue_AScontinueLbl":"CONTINUE","global_signin_ASsigninLbl":"SIGN IN","global_we_ASweLbl":"We","global_adult_ASAdultLbl":"adols","global_FREE_ASFREELbl":"FREE","global_feb_ASfebLbl":"Feb","page_page_error_PleaseEnterAValidCountryCodeLbl":"Only numeric value allowed","page_youwillreceiveconfirmationviaemail_ASyouWillReceiveConfirmationViaEmailMsg2":"If you have any other concerns, call reservations at ","page_youwillreceiveconfirmationviaemail_ASyouWillReceiveConfirmationViaEmailMsg1":"You will receive confirmation via email","global_beenherebefore_ASbeenbeforeLbl":"Been here before?","global_dec_ASdecLbl":"Dec","global_hightolow_AShightolowLbl":"Price (High to Low)","page_nonepropavl_ASnonepropavlLbl":"None found to match your request. Please modify your search.","global_modifycancelreservationlink_ASmodifyCancelReservationLink":"Modify/Cancel Reservation","global_distance_ASdistanceLbl":"Distance","page_managereservation_ASmanageReservationBtn":"Manage Reservation","global_jan_ASjanLbl":"Jan","page_sorrypropavl_ASsorrypropavlLbl":"Sorry, your session has timed out.","page_viewdetails_AsviewdetailsLbl":"VIEW DETAILS","page_apply_ASapplyLbl":"APPLY ","global_destination_ASdestinationLbl":"DESTINATION","page_clear_ASclearLbl":"CLEAR","page_sort_ASsortLbl":"SORT","page_cancellc_AScancellcLbl":"Cancel","global_alldest_ASalldestLbl":"All Destinations","global_newuser_ASnewuserLbl":"New User? ","page_wheretogo_ASWheretogoLbl":"Where would you like to go?","global_rooms_ASRoomsLbl":"Rooms","global_deppolicy_ASdeppolicyLbl":"Deposit Policy:","global_phonumber_ASphonumberLbl":"Phone Number","page_brands_ASbrandsLbl":"BRAND","global_selectdates_ASselectdatesLbl":"Select Dates","page_currentloaction_AScurrentlocationLbl":"Search My Current Location","page_pricerange_ASpricerangeLbl":"PRICE RANGE","global_plus_ASWCAGplus":"Increment #","global_validemail_ASvalidemailLbl":"Please enter a valid email address and password.","global_mo_ASmoLbl":"Mo","global_groupattendee_ASgroupattendeeLbl":"Group Attendee","global_signbelow_ASsignbelowLbl":"Sign in below or sign up to immediately access our private rates.","global_ztoa_ASztoaLbl":"Alphabetical - Z to A","global_dateexceeds_ASdateexcecedsLbl":"Your date range exceeds 30 nights. Please select new dates of stay.","global_jun_ASjunLbl":"Jun","global_aug_ASaugLbl":"Aug","global_pswdguide_ASpswdguideLbl":"Your password must be between 6 and 17 characters and contain at least one number.","global_addcode_ASaddcodeLbl":"Add Code","global_firname_ASfirnameLbl":"First Name","global_plscheck_ASplscheckLbl":"Please check your email for password reset instructions.","global_guapolicy_ASguapolicyLbl":"Guarantee Policy:","global_packageslc_ASpackageslcLbl":"Packages","page_detailslc_ASdetailslcLbl":"Details","global_PromotionsTerms_ASPromotionsTerms":"Promotions Terms & Conditions","page_showcancellationpolicy_ASshowCancellationPolicyLbl":"Show Cancellation Policy","global_promocorporate_ASpromocorporateLbl":"Promo/Corporate","page_wecouldnotfindyourreservation_ASweCouldNotFindYourReservationReenterConfirmationMsg":"We could not find your reservation.  Please re-enter your confirmation number.","global_datesofstay_ASdatesofstayLbl":"DATES OF STAY","global_fr_ASfrLbl":"Fr","global_for_ASforLbl":" for ","page_amenitiessel_ASamenitiesselLbl":"Amenities Selected","global_room_ASroomLbl":"Room","global_submit_ASsubmitLbl":"SUBMIT","page_facebook_ASfacebookLbl":"Facebook","page_twitter_AStwitterLbl":"Twitter","page_ormore_ASormoreLbl":"or more","global_pasguidelines_ASpasguidelinesLbl":"Password Guidelines","global_sa_ASsaLbl":"Sa","global_filterby_ASFilterBylbl":"FILTER BY","global_email_ASemailLbl":"Email","global_privoffersunlckd_ASprivoffersunlckdLbl":"PRIVATE OFFERS UNLOCKED ","global_select_ASselecttopbarLbl":"Select","global_tu_AStuLbl":"Tu","page_roomrates_ASroomratesLbl":"RATE OPTIONS","page_listview_ASlistviewLbl":"List View","global_error_ASerrorLbl":"Error signing in.","global_showless_ASPropertyLessLbl":"Show Less","page_roomtype_ASroomtypeLbl":"ROOM TYPE","global_allproperties_ASallpropertiesLbl":"All Properties","global_propselected_ASpropselectedLbl":"Properties Selected","page_hotelclass_AShotelclassLbl":"HOTEL CLASS","global_apr_ASaprLbl":"Apr","global_az_ASazLbl":"A-Z","global_allrateoptions_ASallrateoptionsLbl":"All Rate Options","page_filterresults_ASfilterresultsLbl":"FILTER RESULTS","global_specifiedrooms_ASspecifiedroomsLbl":"The specified number of rooms ","global_pointofinterest_ASpointofinterestLbl":"Point of Interest","global_jul_ASjulLbl":"Jul","page_yourreservationhasbeensuccessfullycanceled_ASsuccessfulCancelMsg":"Your reservation has been successfully canceled and your points will be refunded with the cancellation policy terms and conditions","global_signuphere_ASsignhereLbl":"Sign up here","global_Next-LblNext":"Next","global_signup_ASsignupLbl":"SIGN UP","global_lasname_ASlasnameLbl":"Last Name","global_back_ASbackLbl":"BACK","page_miles_ASmilesLbl":"miles","global_neighborhood_ASneighborhoodLbl":"Neighborhood","global_emailrecrd_ASemailrcrdLbl":"We already have your email on record.  Please check your email to verify it.","global_forpassword_ASforpasswordLbl":"Forgot Password?","global_rateoptionslc_ASrateoptionslcLbl":"Rate Plans","global_amenities_ASamenitiesLbl":"AMENITIES","global_pleaseaddrooms_ASpleaseaddroomsLbl":"Please add more rooms.","page_clearselectedfilters_ASclearselectedfiltersLbl":"Clear selected filters","global_region_ASregionLbl":"Region","global_starhighest_ASstarhighestLbl":"Star Rating (High to Low)","page_noimnot_ASnoImNotLbl":"No, I'm not","global_discount_ASdiscountLbl":"Discount Code","global_consentrecoffers_ASconsentrecoffersLbl":"I consent to receiving special offers & promotional messages from the property via email.","global_from_ASfromLbl":"FROM","global_guestsrooms_ASGuestsandRoomsLbl":"GUESTS & ROOMS","global_filtersselected_ASFilterSelectedLbl":"Filters Selected","page_yourreservationhasbeencancelled_ASyourReservationHasBeenCanceledMsg":"Your reservation has been canceled","page_sorrynoresults_ASsorrynoresultsLbl":"Sorry, there are no results for your search.","page_areyousuretocancelthereservation_ASareYouSureToCancelReservationMsg":"Are you sure you would like to cancel this reservation?","page_distanceclosetofar_ASdistanceclosetofarLbl":"Distance- Closest to Farthest","global_children_ASChildrenLbl":"Children","global_privoffers_ASprivoffersLbl":"for exclusive discounts","global_city_AScityLbl":"City","global_sep_ASsepLbl":"Sep ","global_book_ASbookLbl":"BOOK","page_whatwouldyourliketodotoday_ASwhatWouldYouLikeToDoTodayMsg":"What would you like to do today?","page_amenitiespc_ASamenitiespcLbl":"Amenities","global_night_ASnightLbl":"Night","global_propertieslc_ASpropertieslcLbl":"Properties","global_pleaseselectdos_ASpleaseselectdosLbl":"Please select your dates of stay.","global_packagessel_ASpackagesselLbl":"Packages Selected","page_rateplandesc_ASrateplandescLbl":"Rate Plan Description","page_hotelsfound_ASHotelsFoundLbl":"{{#}} Properties Found","global_lesspricingoptions_ASlesspricingoptionsLbl":"Less Pricing Options","page_packages_ASpackagesLbl":"PACKAGE","page_tocancelthisreservationyoumustlogin_ASloginToCancelMsg":"To cancel this reservations you must sign-in to your # account.","global_congrats_AScongratsLbl":"Congratulations! You have successfully created your account. We have sent you a verification email to  ","page_selectnewdates_ASselectnewdatesLbl":"Please select new dates.","global_infant_ASinfantLbl":"Infant","page_unavailable_ASunavailableLbl":"UNAVAILABLE","global_oct_ASoctLbl":"Oct","global_accnotactivated_ASaccnotactivatedLbl":"Account has not been activated.","global_cancel_AScancelCbl":"CANCEL","page_propertypropavl_ASpropertypropavlLbl":"Property not available. Please select another property.","global_adults_ASAdultsLbl":"Adults","global_noresultsmatchyourrequest_ASnorequest.Lbl":"No results match your request. ","global_confirmationnumber_ASconfirmationNumberLbl":"Confirmation Number:","page_cannotmodifymsg_AScannotModifyMsg2":"please contact the property to modify or cancel the reservation: ","page_cannotmodifymsg_AScannotModifyMsg1":"Your reservation cannot be modified online","global_avgnight_ASavgnightLbl":"Avg/Night","global_currency_AScurrencyCbl":"CURRENCY","global_mustmatch_ASmustmatchLbl":"Passwords must match","page_hidecancellationpolicy_AShideCancellationPolicyLbl":"Hide Cancellation Policy","global_update_ASupdateUbl":"UPDATE","page_cancelreservation_AScancelReservationBtn":"Cancel Reservation","page_propertiesbeyond_ASpropertiesbeyondLbl":"# properties beyond","page_clearselectedfilter_ASclearselectedfilterLbl":"Clear selected filter","global_starrating_ASstarratingLbl":"STAR RATING","page_googlesearchcriteria_ASgooglesearchcriteriaLbl":"We did not find properties near {{#}}. Check out these {{#}} properties beyond.","page_select_ASselectactionbuttonLbl":"SELECT","global_search_ASsearchLbl":"SEARCH","page_km_ASkmLbl":"km","global_password_ASpasswordLbl":"Password","global_soldout_ASsoldoutLbl":"SOLD OUT","global_fieldblank_ASfieldblankLbl":"Field cannot be blank","global_su_ASsuLbl":"Su ","global_language_ASlanguageLbl":"LANGUAGE","global_state_ASstateLbl":"State","page_no_ASnoLbl":"NO  ","global_gallery_ASgaleryLbl":"GALLERY","global_conpassword_ASconpasswordLbl":"Confirm Password","global_specifiedadults_ASspecifiedadultsLbl":" must not exceed the specified number of adults ","global_mar_ASmarLbl":"Mar","page_pleaseenteryourconfirmationnumberandlastname_ASpleaseEnterYourConfirmationNumberAndYourLastNameMsg":"Please enter your confirmation number and your last name","page_yes_ASyesLbl":"YES","global_privateoffers_ASprivateoffersLbl":"UNLOCK PRIVATE OFFERS","page_guestexceeds_ASguestexceedsLbl":"Your number of guest exceeds available occupancy. Please add additional rooms to accommodate all occupants.","global_add_ASaddLbl":"ADD  ","global_nights_ASnightsLbl":"Nights","global_done_ASDoneLbl":"DONE","global_loadprop_ASloadpropLbl":"Load more properties","global_th_ASthLbl":"Th","page_checkin_ASWCAGcheckinLbl":"Check-in","page_propertybeyond_AS1propertybeyondLbl":"1 property beyond","global_cutoff_AScutoffLbl":"Past the Cutoff Date.  You can no longer book your reservation for this event online.  Please contact your event coordinator for assistance.","page_more_ASmoreLbl":"MORE","global_near_ASnearLbl":"Near:","global_dates_ASdatesLbl":"Dates","page_rateoption_AsrateoptionLbl":"RATE OPTION","global_showprop_ASshowpropLbl":"Showing  [X-Y] properties","page_wearelookingforthebestrate_ASWerateLbl":"We are looking for the best rates...","global_logout_ASlogoutLbl":"(logout)","page_property_ASproeprtyLbl":"PROPERTY ","global_showmore_ASPropertyMoreLbl":"Show More","page_checkout_ASWCAGcheckoutLbl":"Check-out","global_selected_ASselectedLbl":"Selected","global_may_ASmayLbl":"May","page_propertytype_ASpropertytypeLbl":"PROPERTY TYPE","global_countrycode_CountryCodeLbl":"Country Code","global_infants_ASInfantsLbl":"Infants","page_hidecolumn_AShidecolumnLbl":"HIDE COLUMN","global_country_AScountryLbl":"Country","global_plsentrpswd_ASplsentrpswdLbl":"Please enter a valid password.","page_welcomebacktraveler_ASwelcomeBackTravelerLbl":"Welcome back traveler!","global_child_ASchildLbl":"Child","global_notrated_ASnotratedLbl":"Not Rated","page_resultsxyz_ASresultsxyzLbl":"Results X-Y of Z","global_atoz_ASatozLbl":"Alphabetical - A to Z","global_notfindcode_AsnotfindcodeLbl":"We could not find this code.","page_distancefartoclose_ASdistancefartocloseLbl":"Distance- Farthest to Closest","page_propertiesfound_ASpropertiesfoundLbl":"# properties found","global_za_ASzaLbl":"Z-A","page_yesimsure_ASyesImSureLbl":"Yes, I'm sure","global_lowtohigh_ASlowtohighLbl":"Price (Low to High)","global_subtotal_ASsubtotalLbl":"Subtotal"},"loyaltyConfigInfo":{"loyaltyProgramId":3,"loyaltyProgramName":"Guest Portal","loyaltyCurrencyLabel":"Points","loyaltyProgramTiersLst":[{"loyaltyProTierId":1,"loyaltyProTierLevel":1,"loyaltyProTierName":"Basic","loyaltyProTierExternalId":"BSC"},{"loyaltyProTierId":2,"loyaltyProTierLevel":2,"loyaltyProTierName":"Silver","loyaltyProTierExternalId":"SIL"},{"loyaltyProTierId":3,"loyaltyProTierLevel":3,"loyaltyProTierName":"Gold","loyaltyProTierExternalId":"GLD"},{"loyaltyProTierId":4,"loyaltyProTierLevel":4,"loyaltyProTierName":"Platinum","loyaltyProTierExternalId":"PLAT"}],"loyaltyChainBarndLinksLst":[{"chainBrandLinkId":16,"chainBrandLinkTypeId":1,"chainBrandLinkDesc":"Hotels","chainBrandLinkLabel":"Hoteks","chainBrandLinkUrl":"cyb.com/hotels","chainBrandLinkType":"HTL","chainBrandLinkUrlCategory":"BB","chainBrandLinkUrlCatDisOrder":1},{"chainBrandLinkId":17,"chainBrandLinkTypeId":3,"chainBrandLinkDesc":"Offers","chainBrandLinkLabel":"Offers","chainBrandLinkUrl":"cyb.com/offers","chainBrandLinkType":"OFF","chainBrandLinkUrlCategory":"BB","chainBrandLinkUrlCatDisOrder":2},{"chainBrandLinkId":18,"chainBrandLinkTypeId":5,"chainBrandLinkDesc":"Terms and Conditions","chainBrandLinkLabel":"Terms and Conditions","chainBrandLinkUrl":"cyb.com/terms-conditions","chainBrandLinkType":"TNC","chainBrandLinkUrlCategory":"SO","chainBrandLinkUrlCatDisOrder":1}],"minimumRedeemPoints":0.0},"loyaltyEnabled":true,"brandBarEnabled":true}